<?xml version='1.0' encoding='UTF-8'?>
<widget xmlns="http://www.w3.org/ns/widgets" xmlns:intelxdk="http://xdk.intel.com/ns/v1" id="not.yet.specified" version="0.0.1">
<!--This file is generated by the Intel XDK. Do not edit this file as your edits will be lost.           -->
<!--To change the contents of this file, see the documentation on the intelxdk.config.additions.xml file.-->
<intelxdk:version value="1.0"/>
<intelxdk:cordova-cli version="5.1.1"/>
<name>drwaphysics</name>
<content src="index.html"/>
<access origin="*"/>
<intelxdk:plugin intelxdk:name="Device" intelxdk:value="cordova-plugin-device" intelxdk:version="1.0.1" intelxdk:checksum="adfc61ba"/>
<intelxdk:plugin intelxdk:name="Splashscreen" intelxdk:value="cordova-plugin-splashscreen" intelxdk:version="2.1.0" intelxdk:checksum="170efb68"/>
<preference name="ios-target" value="6"/>
<preference name="ios-configuration" value="adhoc"/>
<!--creationInfo:{"src":"","projectTypeName":"com.intel.xdk.projecttype.jsapp"}-->
<intelxdk:plugin xmlns:intelxdk="http://xdk.intel.com/ns/v1" intelxdk:name="org.apache.cordova.inappbrowser" intelxdk:value="org.apache.cordova.inappbrowser"/></widget>